fecha,hora,terminal,armas,cartuchos,cargadores,nacionales,extranjeros,droga (kg),dinero,delito
01/03/2023,16:50:00,2,0,0,0,1,0,0,0,ALTERAR EL ORDEN PUBLICO
01/04/2023,18:25:00,3,0,0,0,0,1,0,0,ALTERAR EL ORDEN PUBLICO
02/05/2023,15:20:00,3,0,0,0,1,0,0,0,ALTERAR EL ORDEN PUBLICO
06/01/2023,14:37:00,3,0,0,0,0,1,0.04,0,DELITOS CONTRA LA SALUD
06/01/2023,16:20:00,4,0,0,0,0,1,0,0,DELITOS CONTRA LA SALUD
07/01/2023,09:10:00,3,0,0,0,1,0,0,0,ALTERAR EL ORDEN PUBLICO
07/01/2023,22:40:00,3,0,0,0,0,0,0.12,0,DELITOS CONTRA LA SALUD
08/01/2023,17:08:00,3,0,0,0,0,1,0.0771,0,DELITOS CONTRA LA SALUD
09/01/2023,15:12:00,3,0,0,0,0,1,0,0,DELITOS CONTRA LA SALUD
09/01/2023,16:50:00,3,0,0,0,0,1,0,0,DELITOS CONTRA LA SALUD
09/01/2023,16:15:00,3,0,0,0,0,1,0,0,DELITOS CONTRA LA SALUD
09/01/2023,16:50:00,3,0,0,0,0,1,0,0,DELITOS CONTRA LA SALUD
09/01/2023,19:00:00,3,0,0,0,0,1,0,0,DELITOS CONTRA LA SALUD
09/01/2023,19:15:00,2,0,0,0,0,1,0,0,DELITOS CONTRA LA SALUD
11/01/2023,13:03:00,3,0,0,0,1,0,0,0,AMBULANTAJE
12/01/2023,15:25:00,3,0,0,0,0,1,0.01005,0,DELITOS CONTRA LA SALUD
12/01/2023,20:50:00,2,0,0,0,3,0,0,0,ALTERAR EL ORDEN PUBLICO
13/01/2023,08:20:00,3,0,0,0,0,1,0.01,0,DELITOS CONTRA LA SALUD
13/01/2023,11:45:00,4,0,0,0,1,0,0,0,AMBULANTAJE
14/01/2023,07:40:00,3,0,0,0,1,0,0,0,AMBULANTAJE
14/01/2023,12:00:00,2,0,0,0,1,0,0,0,AMBULANTAJE
14/01/2023,13:45:00,3,0,0,0,0,1,0.03076,0,DELITOS CONTRA LA SALUD
14/01/2023,12:30:00,4,0,0,0,0,1,0.0153,0,DELITOS CONTRA LA SALUD
14/01/2023,18:50:00,2,0,0,0,1,0,0,0,AMBULANTAJE
15/01/2023,18:56:00,4,1,2,1,0,1,0,0,VLAFE
15/01/2023,09:55:00,3,0,0,0,0,1,0.0963,0,DELITOS CONTRA LA SALUD
15/01/2023,19:15:00,4,0,0,0,0,1,0,0,ALTERAR EL ORDEN PUBLICO
17/01/2023,14:40:00,4,1,20,0,0,1,0,0,VLAFE
17/01/2023,18:40:00,2,0,0,0,1,0,0,0,AMBULANTAJE
18/01/2023,16:55:00,2,0,0,0,1,0,0,0,ALTERAR EL ORDEN PUBLICO
19/01/2023,17:50:00,3,1,60,4,0,1,0,0,VLAFE
20/01/2023,16:30:00,2,0,0,0,4,0,0,0,ALTERAR EL ORDEN PUBLICO
21/01/2023,16:35:00,4,0,9,1,0,1,0,0,VLAFE
22/01/2023,10:55:00,2,0,0,0,0,1,0,0,ALTERAR EL ORDEN PUBLICO
22/01/2023,23:40:00,2,0,0,0,1,0,0,0,ALTERAR EL ORDEN PUBLICO
23/01/2023,20:50:00,2,0,0,0,1,0,0,0,ALTERAR EL ORDEN PUBLICO
24/01/2023,12:50:00,2,0,0,0,1,0,0,0,ALTERAR EL ORDEN PUBLICO
24/01/2023,17:00:00,2,0,0,0,1,0,0,0,AMBULANTAJE
26/01/2023,15:15:00,3,0,0,0,0,1,0.01627,0,DELITOS CONTRA LA SALUD
27/01/2023,13:35:00,3,0,0,0,1,0,0,0,ALTERAR EL ORDEN PUBLICO
27/01/2023,12:50:00,FBO,1,6,1,0,1,0,0,VLAFE
27/01/2023,16:58:00,4,0,0,0,1,0,0,0,ALTERAR EL ORDEN PUBLICO
27/01/2023,18:25:00,4,0,0,0,0,1,0,0,ALTERAR EL ORDEN PUBLICO
28/01/2023,18:40:00,3,0,0,0,0,1,0.01876,0,DELITOS CONTRA LA SALUD
28/01/2023,13:50:00,2,0,0,0,1,0,0,0,AMBULANTAJE
28/01/2023,12:20:00,3,0,0,0,0,1,0.02598,0,DELITOS CONTRA LA SALUD
28/01/2023,14:00:00,2,0,0,0,0,1,0,0,AMBULANTAJE
30/01/2023,10:40:00,3,0,0,0,1,0,0,0,ALTERAR EL ORDEN PUBLICO
30/01/2023,13:47:00,3,0,0,0,0,1,0.03505,0,DELITOS CONTRA LA SALUD
31/01/2023,17:45:00,3,0,0,0,0,1,0.01759,0,DELITOS CONTRA LA SALUD
02/02/2023,11:44:00,3,0,0,0,0,1,0.1896,0,DELITOS CONTRA LA SALUD
03/02/2023,18:20:00,3,0,0,0,1,0,0,0,AMBULANTAJE
04/02/2023,18:18:00,3,0,0,0,0,1,0.02854,0,DELITOS CONTRA LA SALUD
06/02/2023,20:35:00,2,0,0,0,1,0,0,0,AMBULANTAJE
07/02/2023,11:45:00,3,0,0,0,0,1,0.04086,0,DELITOS CONTRA LA SALUD
08/02/2023,12:20:00,3,0,0,0,1,0,0,0,AMBULANTAJE
09/02/2023,23:00:00,2,0,0,0,0,1,0,0,ALTERAR EL ORDEN PUBLICO
11/02/2023,18:45:00,FBO,0,0,0,0,1,0,56100,DIVISAS NO DECLARADAS
14/02/2023,11:40:00,3,0,0,0,0,1,0.014,0,DELITOS CONTRA LA SALUD
17/02/2023,16:35:00,3,0,0,0,0,0,0.01141,0,DELITOS CONTRA LA SALUD
20/02/2023,18:20:00,2,0,0,0,2,0,0,0,ALTERAR EL ORDEN PUBLICO
21/02/2023,15:10:00,2,0,0,0,2,0,0,0,AMBULANTAJE
22/02/2023,15:40:00,3,0,0,0,0,1,0,0,OTROS
24/02/2023,10:00:00,4,0,0,0,0,1,0,0,ALTERAR EL ORDEN PUBLICO
24/02/2023,18:20:00,4,0,0,0,2,0,0,0,AMBULANTAJE
25/02/2023,23:30:00,2,0,0,0,0,1,0,0,ALTERAR EL ORDEN PUBLICO
26/02/2023,11:38:00,3,0,0,0,0,1,0.007,0,DELITOS CONTRA LA SALUD
27/02/2023,19:40:00,2,0,0,0,0,1,0,0,ALTERAR EL ORDEN PUBLICO
28/02/2023,18:20:00,FBO,0,0,0,0,0,0.07089,0,DELITOS CONTRA LA SALUD
28/02/2023,20:50:00,2,0,0,0,0,1,0,0,ALTERAR EL ORDEN PUBLICO
03/03/2023,06:10:00,2,0,0,0,1,0,0,0,ALTERAR EL ORDEN PUBLICO
04/03/2023,19:40:00,3,0,0,0,0,1,0.0949,0,DELITOS CONTRA LA SALUD
09/03/2023,15:08:00,3,0,0,0,0,1,0.011,0,DELITOS CONTRA LA SALUD
10/03/2023,18:30:00,2,0,0,0,1,0,0,0,ALTERAR EL ORDEN PUBLICO
11/03/2023,17:30:00,3,1,20,1,0,1,0,0,VLAFE
11/03/2023,12:10:00,FBO,0,0,0,0,0,0,0,HECHO DE TRANSITO
13/03/2023,01:35:00,2,0,0,0,0,0,0,0,OTROS
13/03/2023,12:15:00,3,0,0,0,0,1,0.5961,0,DELITOS CONTRA LA SALUD
15/03/2023,09:15:00,PAQUETERIA,0,0,0,0,0,0.809,0,DELITOS CONTRA LA SALUD
15/03/2023,16:49:00,3,0,0,0,1,0,0,0,ALTERAR EL ORDEN PUBLICO
16/03/2023,02:30:00,2,0,0,0,1,0,0,0,ALTERAR EL ORDEN PUBLICO
17/03/2023,15:20:00,3,0,7,1,0,1,0,0,VLAFE
18/03/2023,15:30:00,2,0,0,0,0,1,0.031,0,DELITOS CONTRA LA SALUD
23/03/2023,20:10:00,3,0,0,0,0,0,0.015,0,DELITOS CONTRA LA SALUD
25/03/2023,13:30:00,3,1,18,3,0,1,0,0,VLAFE
27/03/2023,17:50:00,3,0,0,0,0,1,0.00356,0,DELITOS CONTRA LA SALUD
28/03/2023,18:00:00,2,0,0,0,0,1,0,0,ALTERAR EL ORDEN PUBLICO
03/04/2023,20:30:00,4,0,0,0,3,0,0,0,ALTERAR EL ORDEN PUBLICO
04/04/2023,19:40:00,2,0,0,0,1,0,0,0,ALTERAR EL ORDEN PUBLICO
04/04/2023,21:06:00,3,0,0,0,0,0,0.00984,0,DELITOS CONTRA LA SALUD
05/04/2023,16:00:00,2,0,0,0,1,0,0,0,AMBULANTAJE
05/04/2023,21:50:00,2,0,0,0,2,0,0,0,ALTERAR EL ORDEN PUBLICO
06/04/2023,13:05:00,PAQUETERIA,0,0,0,0,0,0.308,0,DELITOS CONTRA LA SALUD
06/04/2023,16:40:00,3,0,0,0,0,1,0,0,ALTERAR EL ORDEN PUBLICO
06/04/2023,19:15:00,2,0,0,0,1,0,0,0,ALTERAR EL ORDEN PUBLICO
07/04/2023,15:55:00,3,0,0,0,0,1,0.007,0,DELITOS CONTRA LA SALUD
08/04/2023,21:30:00,2,0,0,0,1,0,0,0,ALTERAR EL ORDEN PUBLICO
10/04/2023,16:10:00,2,0,0,0,0,1,0,0,ALTERAR EL ORDEN PUBLICO
11/04/2023,15:00:00,3,0,0,0,0,1,0.03333,0,DELITOS CONTRA LA SALUD
12/04/2023,10:24:00,3,0,0,0,0,1,0.029,0,DELITOS CONTRA LA SALUD
13/04/2023,16:30:00,3,0,0,0,2,0,0,0,ALTERAR EL ORDEN PUBLICO
14/04/2023,16:35:00,2,0,0,0,1,0,0,0,ALTERAR EL ORDEN PUBLICO
15/04/2023,20:10:00,4,0,0,0,2,0,0,0,ALTERAR EL ORDEN PUBLICO
16/04/2023,10:45:00,3,0,0,0,0,1,0.01293,0,DELITOS CONTRA LA SALUD
18/04/2023,14:00:00,4,0,0,0,0,1,0,0,ALTERAR EL ORDEN PUBLICO
19/04/2023,03:00:00,4,0,0,0,0,1,0,0,ALTERAR EL ORDEN PUBLICO
20/04/2023,13:55:00,3,0,0,0,0,1,0.19,0,DELITOS CONTRA LA SALUD
20/04/2023,16:30:00,4,0,0,0,2,0,0,0,ALTERAR EL ORDEN PUBLICO
21/04/2023,09:40:00,PAQUETERIA,0,0,0,0,0,0,0,DELITOS CONTRA LA SALUD
21/04/2023,02:50:00,3,0,0,0,0,0,0.05553,0,DELITOS CONTRA LA SALUD
21/04/2023,19:20:00,2,0,0,0,1,0,0,0,ALTERAR EL ORDEN PUBLICO
22/04/2023,01:19:00,4,0,0,0,1,0,0,0,ALTERAR EL ORDEN PUBLICO
25/04/2023,08:05:00,2,0,0,0,1,0,0,0,ALTERAR EL ORDEN PUBLICO
25/04/2023,15:50:00,2,0,0,0,1,0,0,0,AMBULANTAJE
25/04/2023,17:50:00,2,0,0,0,1,0,0,0,AMBULANTAJE
26/04/2023,06:30:00,2,0,0,0,1,0,0,0,AMBULANTAJE
26/04/2023,07:20:00,3,0,0,0,1,0,0.4746,0,DELITOS CONTRA LA SALUD
26/04/2023,12:00:00,4,0,0,0,1,0,0,0,ALTERAR EL ORDEN PUBLICO
26/04/2023,16:45:00,2,0,0,0,1,0,0,0,AMBULANTAJE
27/04/2023,11:20:00,2,0,0,0,1,0,0,0,ALTERAR EL ORDEN PUBLICO
27/04/2023,14:02:00,3,0,0,0,1,0,0,0,AMBULANTAJE
27/04/2023,14:50:00,3,0,0,0,1,0,0,0,ALTERAR EL ORDEN PUBLICO
27/04/2023,16:50:00,3,0,0,0,2,0,0,0,AMBULANTAJE
28/04/2023,17:40:00,2,0,0,0,2,0,0,0,AMBULANTAJE
28/04/2023,20:45:00,2,0,0,0,3,0,0,0,ALTERAR EL ORDEN PUBLICO
28/04/2023,21:15:00,2,0,0,0,0,0,0,0,ALTERAR EL ORDEN PUBLICO
29/04/2023,06:40:00,3,0,0,0,0,1,0,0,ALTERAR EL ORDEN PUBLICO
01/05/2023,09:00:00,2,0,0,0,0,1,0,0,ALTERAR EL ORDEN PUBLICO
01/05/2023,12:50:00,3,0,0,0,0,1,0.0707,0,DELITOS CONTRA LA SALUD
01/05/2023,16:40:00,2,0,0,0,1,0,0,0,AMBULANTAJE
02/05/2023,15:15:00,2,0,0,0,3,0,0,0,ALTERAR EL ORDEN PUBLICO
02/05/2023,17:55:00,3,0,0,0,0,1,0.0156,0,DELITOS CONTRA LA SALUD
02/05/2023,18:15:00,3,0,0,0,2,0,0,0,AMBULANTAJE
03/05/2023,10:40:00,2,0,0,0,0,0,0.42,0,DELITOS CONTRA LA SALUD
03/05/2023,21:00:00,2,0,0,0,3,0,0,0,ALTERAR EL ORDEN PUBLICO
04/05/2023,14:40:00,4,0,10,1,0,1,0,0,VLAFE
04/05/2023,16:50:00,2,0,0,0,1,0,0,0,ALTERAR EL ORDEN PUBLICO
04/05/2023,17:25:00,3,0,0,0,0,1,0.0133,0,DELITOS CONTRA LA SALUD
04/05/2023,20:55:00,2,0,0,0,2,0,0,0,ALTERAR EL ORDEN PUBLICO
04/05/2023,21:30:00,2,0,0,0,1,0,0,0,AMBULANTAJE
05/05/2023,08:45:00,2,0,0,0,2,0,0,0,AMBULANTAJE
07/05/2023,15:50:00,2,0,0,0,1,0,0,0,AMBULANTAJE
07/05/2023,16:15:00,3,0,0,0,2,0,0,0,ALTERAR EL ORDEN PUBLICO
08/05/2023,14:45:00,2,0,0,0,0,1,0,0,AMBULANTAJE
09/05/2023,11:05:00,2,0,0,0,1,0,0,0,AMBULANTAJE
09/05/2023,19:20:00,2,0,0,0,1,0,0,0,ALTERAR EL ORDEN PUBLICO
09/05/2023,20:00:00,FBO,0,0,0,0,0,0,0,HECHO DE TRANSITO
10/05/2023,17:30:00,2,0,0,0,2,0,0,0,ALTERAR EL ORDEN PUBLICO
10/05/2023,18:30:00,4,0,0,0,1,0,0,0,ALTERAR EL ORDEN PUBLICO
11/05/2023,12:37:00,3,0,0,0,0,1,0.05677,0,DELITOS CONTRA LA SALUD
12/05/2023,06:25:00,2,0,0,0,0,1,0,0,ALTERAR EL ORDEN PUBLICO
12/05/2023,11:30:00,ADUANAS,0,0,0,0,0,0.205,0,DELITOS CONTRA LA SALUD
12/05/2023,14:30:00,2,0,0,0,1,0,0,0,OTROS
13/05/2023,11:16:00,3,0,0,0,0,1,0.0239,0,DELITOS CONTRA LA SALUD
13/05/2023,22:05:00,2,0,0,0,1,0,0,0,ALTERAR EL ORDEN PUBLICO
16/05/2023,14:50:00,2,0,0,0,2,0,0,0,ALTERAR EL ORDEN PUBLICO
16/05/2023,15:05:00,4,0,0,0,2,0,0,0,ALTERAR EL ORDEN PUBLICO
16/05/2023,16:10:00,2,0,0,0,2,0,0,0,HECHO DE TRANSITO
17/05/2023,17:00:00,3,0,0,0,1,0,0,0,AMBULANTAJE
18/05/2023,10:50:00,2,0,0,0,3,0,0,0,ALTERAR EL ORDEN PUBLICO
18/05/2023,14:20:00,3,0,0,0,0,1,0.0327,0,DELITOS CONTRA LA SALUD
18/05/2023,15:05:00,2,0,0,0,1,0,0,0,AMBULANTAJE
18/05/2023,30/09/1904 00:00,2,0,0,0,3,0,0,0,ALTERAR EL ORDEN PUBLICO
19/05/2023,16:00:00,3,0,0,0,2,0,0,0,ALTERAR EL ORDEN PUBLICO
19/05/2023,19:30:00,4,0,0,0,1,0,0,0,ALTERAR EL ORDEN PUBLICO
21/05/2023,22:00:00,2,0,0,0,0,1,0,0,ALTERAR EL ORDEN PUBLICO
22/05/2023,09:20:00,2,0,0,0,1,0,0,0,AMBULANTAJE
22/05/2023,11:10:00,4,0,0,0,0,1,0.19,0,DELITOS CONTRA LA SALUD
23/05/2023,13:50:00,2,0,0,0,1,0,0,0,ALTERAR EL ORDEN PUBLICO
23/05/2023,12:00:00,4,0,0,0,0,0,0,0,DELITOS CONTRA LA SALUD
23/05/2023,20:00:00,FBO,0,0,0,0,0,0.0558,0,DELITOS CONTRA LA SALUD
24/05/2023,12:20:00,3,0,0,0,0,1,0.0114,0,DELITOS CONTRA LA SALUD
24/05/2023,16:25:00,3,0,0,0,0,1,0.0103,0,DELITOS CONTRA LA SALUD
25/05/2023,12:20:00,3,0,0,0,0,0,0,0,DELITOS CONTRA LA SALUD
26/05/2023,17:55:00,3,0,0,0,1,0,0,0,AMBULANTAJE
26/05/2023,18:05:00,3,0,0,0,0,1,0.01882,0,DELITOS CONTRA LA SALUD
27/05/2023,19:00:00,4,0,0,0,3,0,0,0,ALTERAR EL ORDEN PUBLICO
29/05/2023,10:30:00,3,0,0,0,0,1,0.01756,0,DELITOS CONTRA LA SALUD
29/05/2023,12:10:00,4,0,0,0,1,0,0.0217,0,DELITOS CONTRA LA SALUD
30/05/2023,15:30:00,2,0,0,0,2,0,0,0,AMBULANTAJE
30/05/2023,16:30:00,3,0,0,0,0,1,0.067,0,DELITOS CONTRA LA SALUD
31/05/2023,15:40:00,2,0,0,0,1,0,0,0,ALTERAR EL ORDEN PUBLICO
31/05/2023,12:30:00,4,0,0,0,0,1,0.08,0,DELITOS CONTRA LA SALUD
01/06/2023,11:30:00,4,0,0,0,0,1,0.024,0,DELITOS CONTRA LA SALUD
01/06/2023,11:30:00,4,0,0,0,0,1,0.021,0,DELITOS CONTRA LA SALUD
02/06/2023,12:45:00,3,0,0,0,0,1,0.06,0,DELITOS CONTRA LA SALUD
02/06/2023,14:35:00,3,0,0,0,0,1,0.014,0,DELITOS CONTRA LA SALUD
03/06/2023,05:30:00,2,0,0,0,0,1,0,0,ALTERAR EL ORDEN PUBLICO
03/06/2023,08:20:00,3,0,0,0,1,0,0,0,ALTERAR EL ORDEN PUBLICO
03/06/2023,13:15:00,4,0,0,0,0,0,0.079,0,DELITOS CONTRA LA SALUD
04/06/2023,09:30:00,3,0,0,0,0,0,0,0,ALTERAR EL ORDEN PUBLICO
05/06/2023,16:40:00,4,0,0,0,0,1,0.0063,0,DELITOS CONTRA LA SALUD
05/06/2023,16:55:00,2,0,0,0,2,0,0,0,AMBULANTAJE
06/06/2023,11:05:00,4,0,0,0,0,1,0.014,0,DELITOS CONTRA LA SALUD
06/06/2023,18:50:00,2,0,0,0,1,0,0,0,AMBULANTAJE
07/06/2023,14:22:00,3,0,0,0,0,1,0.0093,0,DELITOS CONTRA LA SALUD
09/06/2023,09:30:00,4,0,0,0,0,1,0,0,ALTERAR EL ORDEN PUBLICO
09/06/2023,13:40:00,4,0,0,0,0,0,0.0105,0,DELITOS CONTRA LA SALUD
10/06/2023,13:50:00,3,0,0,0,0,1,0,0,ALTERAR EL ORDEN PUBLICO
10/06/2023,17:55:00,4,1,15,2,0,0,0,0,VLAFE
10/06/2023,20:50:00,3,1,12,2,0,1,0,0,VLAFE
11/06/2023,09:00:00,3,0,14,1,0,1,0,0,VLAFE
11/06/2023,15:15:00,2,0,0,0,0,1,0,0,AMBULANTAJE
12/06/2023,12:20:00,3,0,0,0,0,1,0.011,0,DELITOS CONTRA LA SALUD
13/06/2023,12:20:00,3,0,0,0,0,1,0.02,0,DELITOS CONTRA LA SALUD
13/06/2023,14:30:00,4,0,0,0,0,1,0.022,0,DELITOS CONTRA LA SALUD
13/06/2023,15:00:00,4,0,0,0,0,1,0.033,0,DELITOS CONTRA LA SALUD
14/06/2023,21:10:00,4,0,0,0,0,1,0.055,0,DELITOS CONTRA LA SALUD
14/06/2023,28/02/1904 00:00,3,0,0,0,0,1,0.014,0,DELITOS CONTRA LA SALUD
15/06/2023,10:35:00,4,0,0,0,0,1,0.059,0,DELITOS CONTRA LA SALUD
15/06/2023,13:05:00,3,0,0,0,0,1,0.023,0,DELITOS CONTRA LA SALUD
15/06/2023,14:15:00,4,0,0,0,2,0,0,0,ALTERAR EL ORDEN PUBLICO
15/06/2023,16:10:00,2,0,0,0,1,0,0,0,AMBULANTAJE
16/06/2023,08:35:00,3,0,0,0,0,1,0.015,0,DELITOS CONTRA LA SALUD
16/06/2023,12:35:00,3,0,0,0,0,1,0.011,0,DELITOS CONTRA LA SALUD
17/06/2023,11:40:00,2,0,0,0,1,0,0,0,AMBULANTAJE
18/06/2023,11:45:00,3,0,0,0,0,1,0.024,0,DELITOS CONTRA LA SALUD
18/06/2023,14:45:00,3,0,0,0,0,1,0.012,0,DELITOS CONTRA LA SALUD
19/06/2023,12:20:00,3,0,0,0,0,1,0.0102,0,DELITOS CONTRA LA SALUD
19/06/2023,17:20:00,3,0,0,0,2,0,0,0,AMBULANTAJE
20/06/2023,11:00:00,2,0,0,0,3,0,0.103,0,DELITOS CONTRA LA SALUD
20/06/2023,11:01:00,2,0,0,0,0,0,0,0,DELITOS CONTRA LA SALUD
21/06/2023,10:25:00,2,0,0,0,1,0,0,0,AMBULANTAJE
21/06/2023,16:45:00,3,0,0,0,1,0,0.0136,0,DELITOS CONTRA LA SALUD
22/06/2023,12:30:00,3,0,0,0,0,1,0.01,0,DELITOS CONTRA LA SALUD
22/06/2023,15:15:00,3,0,0,0,0,1,0.062,0,DELITOS CONTRA LA SALUD
22/06/2023,16:20:00,3,0,0,0,0,1,0.022,0,DELITOS CONTRA LA SALUD
23/06/2023,07:20:00,2,0,0,0,2,0,0,0,AMBULANTAJE
23/06/2023,15:00:00,3,0,0,0,0,0,0.338,0,DELITOS CONTRA LA SALUD
24/06/2023,12:12:00,3,0,0,0,0,0,0.069,0,DELITOS CONTRA LA SALUD
24/06/2023,17:32:00,4,0,0,0,0,0,0.014,0,DELITOS CONTRA LA SALUD
24/06/2023,10:45:00,3,0,0,0,0,1,0.01811,0,DELITOS CONTRA LA SALUD
26/06/2023,19:10:00,4,0,0,0,0,1,0,0,ALTERAR EL ORDEN PUBLICO
26/06/2023,19:10:00,4,0,0,0,0,1,0,0,ALTERAR EL ORDEN PUBLICO
28/06/2023,12:35:00,4,1,60,6,0,1,0,0,VLAFE
29/06/2023,10:00:00,2,0,0,0,0,0,0.042,0,DELITOS CONTRA LA SALUD
29/06/2023,11:35:00,3,0,0,0,0,1,0,0,AMBULANTAJE
29/06/2023,20:16:00,3,0,0,0,0,1,0.12,0,DELITOS CONTRA LA SALUD
30/06/2023,17:30:00,2,0,0,0,1,0,0,0,AMBULANTAJE
30/06/2023,17:00:00,2,0,0,0,1,0,0,0,AMBULANTAJE
30/06/2023,21:05:00,2,0,0,0,1,0,0,0,ALTERAR EL ORDEN PUBLICO
07/01/2023,12:30:00,2,0,0,0,2,0,0,0,AMBULANTAJE
07/01/2023,14:30:00,2,0,0,0,2,0,0,0,AMBULANTAJE
07/01/2023,19:00:00,2,0,0,0,1,0,0,0,AMBULANTAJE
07/01/2023,17:53:00,3,0,0,0,0,0,0.029,0,DELITOS CONTRA LA SALUD
03/07/2023,16:35:00,2,0,0,0,2,0,0,0,ALTERAR EL ORDEN PUBLICO
03/07/2023,21:00:00,2,0,0,0,1,0,0,0,ALTERAR EL ORDEN PUBLICO
04/07/2023,22:10:00,3,1,17,1,0,1,0,0,VLAFE
04/07/2023,09:00:00,2,0,0,0,0,0,0,0,DELITOS CONTRA LA SALUD
04/07/2023,20:00:00,4,0,0,0,1,1,0,0,AMBULANTAJE
04/07/2023,19:25:00,2,0,0,0,1,0,0,0,ALTERAR EL ORDEN PUBLICO
05/07/2023,18:20:00,2,0,0,0,1,0,0,0,ALTERAR EL ORDEN PUBLICO
06/07/2023,13:45:00,2,0,0,0,0,1,0,0,ALTERAR EL ORDEN PUBLICO
06/07/2023,14:15:00,2,0,0,0,1,0,0,0,AMBULANTAJE
06/07/2023,13:00:00,2,0,0,0,1,0,0,0,ALTERAR EL ORDEN PUBLICO
06/07/2023,15:00:00,4,0,0,0,0,1,0.034,0,DELITOS CONTRA LA SALUD
06/07/2023,16:20:00,4,0,0,0,0,1,0.09,0,DELITOS CONTRA LA SALUD
07/07/2023,11:00:00,3,0,0,0,0,0,0.025,0,DELITOS CONTRA LA SALUD
07/07/2023,13:07:00,3,0,10,1,0,1,0,0,VLAFE
08/07/2023,22:00:00,2,0,0,0,1,0,0,0,ALTERAR EL ORDEN PUBLICO
08/07/2023,23:35:00,3,0,0,0,1,0,0,0,ALTERAR EL ORDEN PUBLICO
10/07/2023,17:25:00,4,0,0,0,1,0,0,0,AMBULANTAJE
10/07/2023,19:30:00,3,0,0,0,1,0,0,0,AMBULANTAJE
11/07/2023,18:00:00,3,0,0,0,0,0,0.009,0,DELITOS CONTRA LA SALUD
12/07/2023,13:15:00,3,0,0,0,0,1,0,0,ALTERAR EL ORDEN PUBLICO
12/07/2023,11:45:00,3,0,23,0,0,1,0,0,VLAFE
12/07/2023,18:00:00,3,0,0,0,0,1,0,0,ALTERAR EL ORDEN PUBLICO
12/07/2023,17:10:00,2,0,0,0,0,1,0.043,0,DELITOS CONTRA LA SALUD
13/07/2023,10:10:00,PAQUETERIA,0,0,0,0,0,0,0,DELITOS CONTRA LA SALUD
13/07/2023,13:00:00,4,0,0,0,1,0,0.016,0,DELITOS CONTRA LA SALUD
13/07/2023,15:00:00,3,1,16,1,0,0,0,0,VLAFE
14/07/2023,09:45:00,3,0,0,0,0,1,0.013,0,DELITOS CONTRA LA SALUD
14/07/2023,12:10:00,3,0,0,0,0,1,0.02,0,DELITOS CONTRA LA SALUD
14/07/2023,15:50:00,3,0,0,0,0,1,0.08,0,DELITOS CONTRA LA SALUD
15/07/2023,13:30:00,3,0,0,0,1,0,0,0,AMBULANTAJE
15/07/2023,11:45:00,2,0,0,0,1,0,0,0,ALTERAR EL ORDEN PUBLICO
16/07/2023,22:15:00,3,0,0,0,1,0,0,0,ALTERAR EL ORDEN PUBLICO
16/07/2023,13:05:00,2,0,0,0,1,0,0,0,ALTERAR EL ORDEN PUBLICO
16/07/2023,18:20:00,3,0,0,0,2,0,0,0,AMBULANTAJE
17/07/2023,16:30:00,2,0,0,0,2,0,0,0,ALTERAR EL ORDEN PUBLICO
18/07/2023,20:00:00,2,0,0,0,1,0,0,0,AMBULANTAJE
19/07/2023,17:50:00,PAQUETERIA,0,0,0,0,0,0.148,0,DELITOS CONTRA LA SALUD
20/07/2023,09:45:00,2,0,0,0,1,0,0,0,ALTERAR EL ORDEN PUBLICO
20/07/2023,13:00:00,3,0,0,0,0,0,0.455,0,DELITOS CONTRA LA SALUD
21/07/2023,12:50:00,3,0,0,0,1,0,0.0109,0,DELITOS CONTRA LA SALUD
23/07/2023,14:00:00,3,0,0,0,1,0,0,0,AMBULANTAJE
24/07/2023,06:00:00,3,0,0,0,0,1,0,0,DELITOS CONTRA LA SALUD
24/07/2023,12:15:00,3,0,7,1,0,1,0,0,VLAFE
25/07/2023,12:25:00,4,0,6,1,0,1,0,0,VLAFE
25/07/2023,13:35:00,PAQUETERIA,0,0,0,0,0,0.0178,0,DELITOS CONTRA LA SALUD
25/07/2023,23:10:00,2,0,0,0,1,0,0,0,ALTERAR EL ORDEN PUBLICO
26/07/2023,11:00:00,4,0,0,0,0,1,0,0,DELITOS CONTRA LA SALUD
26/07/2023,12:45:00,3,0,8,1,0,1,0,0,VLAFE
27/07/2023,12:15:00,PAQUETERIA,0,0,0,0,0,0.0665,0,DELITOS CONTRA LA SALUD
27/07/2023,14:05:00,3,0,0,0,0,1,0.011,0,DELITOS CONTRA LA SALUD
28/07/2023,14:50:00,3,0,0,0,0,1,0.011,0,DELITOS CONTRA LA SALUD
28/07/2023,18:30:00,2,0,0,0,0,1,0,0,ALTERAR EL ORDEN PUBLICO
29/07/2023,11:20:00,4,0,0,0,0,1,0,0,ALTERAR EL ORDEN PUBLICO
29/07/2023,16:40:00,3,0,0,0,1,0,0,0,AMBULANTAJE
29/07/2023,10:05:00,3,0,0,0,0,1,0,32400,DIVISAS NO DECLARADAS
31/07/2023,02:35:00,3,0,0,0,0,1,0,0,ALTERAR EL ORDEN PUBLICO
31/07/2023,16:45:00,4,0,0,0,0,0,0,39349.07,DIVISAS NO DECLARADAS
02/08/2023,16:35:00,3,0,0,0,0,1,0,0,ALTERAR EL ORDEN PUBLICO
03/08/2023,13:40:00,3,0,0,0,0,1,0.58,0,DELITOS CONTRA LA SALUD
03/08/2023,04/12/1904 00:00,2,0,0,0,1,0,0,0,AMBULANTAJE
03/08/2023,19:10:00,3,0,0,0,1,0,0,0,ALTERAR EL ORDEN PUBLICO
03/08/2023,16:40:00,2,0,0,0,0,1,0.38,0,DELITOS CONTRA LA SALUD
04/08/2023,14:32:00,4,0,0,0,0,0,0.007,0,DELITOS CONTRA LA SALUD
05/08/2023,12:06:00,3,0,0,0,0,2,0.0158,0,DELITOS CONTRA LA SALUD
06/08/2023,16:10:00,2,0,0,0,1,0,0,0,HECHO DE TRANSITO
06/08/2023,18:30:00,2,0,0,0,1,0,0,0,ALTERAR EL ORDEN PUBLICO
08/08/2023,11:50:00,4,0,0,0,1,0,0,0,ALTERAR EL ORDEN PUBLICO
08/08/2023,13:20:00,ADUANAS,0,0,0,0,0,0.096,0,DELITOS CONTRA LA SALUD
08/08/2023,16:45:00,3,0,0,0,0,1,0.021,0,DELITOS CONTRA LA SALUD
09/08/2023,12:15:00,3,0,0,0,0,1,0.031,0,DELITOS CONTRA LA SALUD
09/08/2023,15:16:00,FBO,0,0,0,1,0,0,0,HECHO DE TRANSITO
10/08/2023,13:00:00,ADUANAS,0,0,0,0,0,0.269,0,DELITOS CONTRA LA SALUD
10/08/2023,17:40:00,2,0,0,0,1,0,0,0,AMBULANTAJE
11/08/2023,10:35:00,3,0,0,0,0,0,0.021,0,DELITOS CONTRA LA SALUD
11/08/2023,21:00:00,2,0,0,0,1,0,0,0,AMBULANTAJE
12/08/2023,12:45:00,3,0,0,0,0,1,0.012,0,DELITOS CONTRA LA SALUD
12/08/2023,17:50:00,3,0,0,0,0,1,0.0193,0,DELITOS CONTRA LA SALUD
13/08/2023,15:05:00,2,0,0,0,1,0,0,0,AMBULANTAJE
13/08/2023,16:48:00,3,0,10,0,0,1,0,0,VLAFE
14/08/2023,15:40:00,4,0,0,0,1,0,0.097,0,DELITOS CONTRA LA SALUD
15/08/2023,13:45:00,3,0,0,0,0,0,0.6,0,DELITOS CONTRA LA SALUD
15/08/2023,13:50:00,3,0,0,0,0,1,0.04575,0,DELITOS CONTRA LA SALUD
16/08/2023,11:20:00,3,0,0,0,0,1,0.03573,0,DELITOS CONTRA LA SALUD
16/08/2023,13:50:00,3,0,0,0,0,1,0.01827,0,DELITOS CONTRA LA SALUD
16/08/2023,16:00:00,3,0,0,0,1,0,0,0,ALTERAR EL ORDEN PUBLICO
18/08/2023,15:40:00,3,0,0,0,1,0,0,0,ALTERAR EL ORDEN PUBLICO
19/08/2023,00:05:00,3,0,0,0,0,0,0,0,HECHO DE TRANSITO
20/08/2023,19:50:00,2,0,0,0,0,0,0,30000,DIVISAS NO DECLARADAS
21/08/2023,08:25:00,3,0,0,0,0,0,0,0,ALTERAR EL ORDEN PUBLICO
21/08/2023,11:10:00,3,0,10,0,0,1,0,0,VLAFE
21/08/2023,17:40:00,3,0,0,0,1,0,0,0,AMBULANTAJE
21/08/2023,21:20:00,3,0,0,0,2,0,0,0,AMBULANTAJE
23/08/2023,12:30:00,2,0,0,0,1,0,0,0,ALTERAR EL ORDEN PUBLICO
23/08/2023,12:45:00,ADUANAS,0,0,0,0,0,0.374,0,DELITOS CONTRA LA SALUD
24/08/2023,12:30:00,ADUANAS,0,0,0,0,0,0.167,0,DELITOS CONTRA LA SALUD
25/08/2023,06:25:00,2,0,0,0,2,0,0,0,HECHO DE TRANSITO
25/08/2023,24/01/1903 00:00,4,0,0,0,0,1,0.055,0,DELITOS CONTRA LA SALUD
25/08/2023,22:00:00,2,0,0,0,1,0,0,0,AMBULANTAJE
26/08/2023,04:25:00,4,0,0,0,0,1,0,0,ALTERAR EL ORDEN PUBLICO
26/08/2023,11:00:00,3,0,0,0,0,0,0,0,HECHO DE TRANSITO
26/08/2023,14:15:00,3,0,0,0,0,1,0.1115,0,DELITOS CONTRA LA SALUD
26/08/2023,16:00:00,2,0,0,0,0,1,0.8,0,DELITOS CONTRA LA SALUD
26/08/2023,15:40:00,2,0,0,0,1,0,0,0,ALTERAR EL ORDEN PUBLICO
26/08/2023,17:01:00,3,0,0,0,0,1,0,0,ALTERAR EL ORDEN PUBLICO
27/08/2023,14:20:00,3,0,8,0,0,1,0,0,VLAFE
28/08/2023,11:30:00,ADUANAS,0,0,0,0,0,0.036,0,DELITOS CONTRA LA SALUD
28/08/2023,16:40:00,3,0,6,1,0,1,0,0,VLAFE
30/08/2023,08:30:00,ADUANAS,0,0,0,0,0,0.24,0,DELITOS CONTRA LA SALUD
30/08/2023,18:15:00,2,0,0,0,2,0,0,0,ALTERAR EL ORDEN PUBLICO
31/08/2023,07:00:00,2,0,0,0,2,0,0,0,AMBULANTAJE
01/09/2023,07:50:00,2,0,0,0,3,0,0,0,ALTERAR EL ORDEN PUBLICO
02/09/2023,07:10:00,2,0,0,0,1,0,0,0,ALTERAR EL ORDEN PUBLICO
02/09/2023,09:00:00,3,0,10,1,0,1,0,0,VLAFE
02/09/2023,20:30:00,2,0,0,0,1,0,0,0,ALTERAR EL ORDEN PUBLICO
03/09/2023,09:10:00,4,0,0,0,1,0,0,0,ALTERAR EL ORDEN PUBLICO
03/09/2023,17:30:00,3,0,0,0,1,0,0,0,AMBULANTAJE
03/09/2023,21:40:00,2,0,0,0,0,1,0,0,ALTERAR EL ORDEN PUBLICO
04/09/2023,12:00:00,3,0,0,0,1,0,0,0,ALTERAR EL ORDEN PUBLICO
04/09/2023,17:50:00,2,0,0,0,2,0,0,0,ALTERAR EL ORDEN PUBLICO
04/09/2023,17:30:00,2,0,0,0,2,0,0,0,AMBULANTAJE
05/09/2023,11:00:00,ADUANAS,0,0,0,0,0,0.018,0,DELITOS CONTRA LA SALUD
04/09/2023,12:30:00,2,0,0,0,1,0,0,0,ALTERAR EL ORDEN PUBLICO
07/09/2023,11:00:00,3,0,0,0,0,1,0.007,0,DELITOS CONTRA LA SALUD
07/09/2023,23:57:00,4,0,0,0,1,0,0,0,ALTERAR EL ORDEN PUBLICO
08/09/2023,14:15:00,2,0,0,0,1,0,0,0,AMBULANTAJE
08/09/2023,13:00:00,3,0,0,0,0,1,0.28,0,DELITOS CONTRA LA SALUD
08/09/2023,14:00:00,4,0,0,0,0,1,0,0,DELITOS CONTRA LA SALUD
10/09/2023,11:15:00,4,0,0,0,0,1,0.1,0,DELITOS CONTRA LA SALUD
10/09/2023,12:05:00,4,0,0,0,0,1,0.12,0,DELITOS CONTRA LA SALUD
10/09/2023,12:20:00,3,0,0,0,0,1,0.1256,0,DELITOS CONTRA LA SALUD
10/09/2023,13:20:00,3,0,0,0,0,1,0.1534,0,DELITOS CONTRA LA SALUD
10/09/2023,14:30:00,2,0,0,0,0,1,0.21,0,DELITOS CONTRA LA SALUD
10/09/2023,16:30:00,4,0,0,0,0,1,0.117,0,DELITOS CONTRA LA SALUD
10/09/2023,17:35:00,4,0,0,0,0,1,0.111,0,DELITOS CONTRA LA SALUD
12/09/2023,17:00:00,3,0,0,0,1,0,0,0,ALTERAR EL ORDEN PUBLICO
12/09/2023,19:45:00,2,0,0,0,1,0,0,0,ALTERAR EL ORDEN PUBLICO
13/09/2023,09:20:00,ADUANAS,0,0,0,0,0,0.868,0,DELITOS CONTRA LA SALUD
13/09/2023,10:30:00,4,0,0,0,0,1,0.039,0,DELITOS CONTRA LA SALUD
13/09/2023,12:31:00,4,0,0,0,0,1,0,0,ALTERAR EL ORDEN PUBLICO
13/09/2023,15:20:00,4,0,0,0,0,1,12.5,0,DELITOS CONTRA LA SALUD
13/09/2023,17:15:00,4,0,0,0,0,1,8.4,0,DELITOS CONTRA LA SALUD
14/09/2023,05:15:00,3,0,0,0,1,0,0,0,AMBULANTAJE
14/09/2023,10:20:00,ADUANAS,0,0,0,0,0,4.319,0,DELITOS CONTRA LA SALUD
14/09/2023,15:25:00,3,0,0,0,0,1,0.2427,0,DELITOS CONTRA LA SALUD
14/09/2023,18:30:00,4,0,0,0,0,1,0,0,ALTERAR EL ORDEN PUBLICO
14/09/2023,17:25:00,4,0,0,0,0,1,0.184,0,DELITOS CONTRA LA SALUD
14/09/2023,17:25:00,4,0,0,0,0,1,0.74,0,DELITOS CONTRA LA SALUD
14/09/2023,17:25:00,4,0,0,0,0,1,0.15,0,DELITOS CONTRA LA SALUD
15/09/2023,12:30:00,PAQUETERIA,0,0,0,0,0,2.127,0,DELITOS CONTRA LA SALUD
18/09/2023,11:40:00,4,0,0,0,0,1,0.01507,0,DELITOS CONTRA LA SALUD
18/09/2023,17:20:00,2,0,0,0,2,0,0,0,ALTERAR EL ORDEN PUBLICO
19/09/2023,10:00:00,PAQUETERIA,0,0,0,0,0,2.625,0,DELITOS CONTRA LA SALUD
19/09/2023,19:01:00,ADUANAS,0,0,0,0,0,0,0,VLAFE
19/09/2023,22:00:00,4,0,0,0,1,0,0,0,ALTERAR EL ORDEN PUBLICO
20/09/2023,19:30:00,2,0,0,0,0,1,0.22,0,DELITOS CONTRA LA SALUD
21/09/2023,10:00:00,PAQUETERIA,0,0,0,0,0,0.914,0,DELITOS CONTRA LA SALUD
22/09/2023,14:35:00,3,0,0,0,0,1,0.7326,0,DELITOS CONTRA LA SALUD
22/09/2023,15:40:00,4,0,0,0,0,1,0.1006,0,DELITOS CONTRA LA SALUD
23/09/2023,11:10:00,PAQUETERIA,0,0,0,0,0,3.032,0,DELITOS CONTRA LA SALUD
23/09/2023,18:30:00,3,0,0,0,0,1,0,0,ALTERAR EL ORDEN PUBLICO
24/09/2023,12:06:00,4,0,0,0,0,2,0.4,0,DELITOS CONTRA LA SALUD
24/09/2023,16:50:00,4,0,0,0,0,1,0.27,0,DELITOS CONTRA LA SALUD
24/09/2023,17:10:00,4,0,13,2,0,1,0,0,VLAFE
25/09/2023,08:24:00,4,0,0,0,0,1,0.035,0,DELITOS CONTRA LA SALUD
25/09/2023,10:50:00,ADUANAS,0,0,0,0,0,0,0,DELITOS CONTRA LA SALUD
25/09/2023,12:25:00,2,0,0,0,1,0,0,0,AMBULANTAJE
26/09/2023,00:30:00,2,0,0,0,2,0,0,0,ALTERAR EL ORDEN PUBLICO
26/09/2023,13:00:00,3,0,0,0,0,1,0,0,ALTERAR EL ORDEN PUBLICO
26/09/2023,11:00:00,2,0,0,0,0,0,0,0,HECHO DE TRANSITO
28/09/2023,09:20:00,ADUANAS,0,0,0,0,0,0,0,DELITOS CONTRA LA SALUD
28/09/2023,14:30:00,3,0,0,0,0,1,0.0193,0,DELITOS CONTRA LA SALUD
28/09/2023,14:30:00,3,0,0,0,0,1,0.0218,0,DELITOS CONTRA LA SALUD
28/09/2023,25/09/1904 00:00,3,0,0,0,0,0,0,0,AMBULANTAJE
28/09/2023,17:40:00,4,0,0,0,0,1,0,0,ALTERAR EL ORDEN PUBLICO
29/09/2023,18:18:00,2,0,0,0,0,1,0.077,0,DELITOS CONTRA LA SALUD
30/09/2023,11:55:00,ADUANAS,0,0,0,0,0,0.095,0,DELITOS CONTRA LA SALUD
30/09/2023,19/10/1904 00:00,2,0,0,0,0,1,0,0,ALTERAR EL ORDEN PUBLICO
01/10/2023,12:20:00,4,0,0,0,0,1,11.5,0,DELITOS CONTRA LA SALUD
01/10/2023,17:15:00,2,0,0,0,0,0,0,0,ALTERAR EL ORDEN PUBLICO
01/10/2023,19:00:00,2,0,0,0,1,0,0,0,ALTERAR EL ORDEN PUBLICO
06/10/2023,13:00:00,PAQUETERIA,0,0,0,0,0,0.067,0,DELITOS CONTRA LA SALUD
07/10/2023,17:15:00,3,0,0,0,2,0,0,0,ALTERAR EL ORDEN PUBLICO
07/10/2023,11:10:00,2,0,0,0,3,0,0.02,0,ALTERAR EL ORDEN PUBLICO
07/10/2023,11:10:00,3,0,0,0,1,0,0,0,ALTERAR EL ORDEN PUBLICO
07/10/2023,18:02:00,2,0,0,0,2,0,0,0,AMBULANTAJE
07/10/2023,18:55:00,2,0,0,0,1,0,0.08,0,DELITOS CONTRA LA SALUD
08/10/2023,18:00:00,2,0,0,0,1,0,0.01,0,ALTERAR EL ORDEN PUBLICO
09/10/2023,11:58:00,2,0,0,0,0,1,0.01,0,DELITOS CONTRA LA SALUD
09/10/2023,16:50:00,4,0,0,0,1,0,0,0,ALTERAR EL ORDEN PUBLICO
10/10/2023,13:35:00,4,0,0,0,0,1,0.71,0,DELITOS CONTRA LA SALUD
10/10/2023,11:20:00,3,0,0,0,0,0,0.26,0,DELITOS CONTRA LA SALUD
12/10/2023,11:55:00,PAQUETERIA,0,0,0,0,0,0.017,0,DELITOS CONTRA LA SALUD
12/10/2023,15:45:00,3,0,0,0,1,0,0,0,ALTERAR EL ORDEN PUBLICO
12/10/2023,17:00:00,2,0,0,0,0,0,0.01,0,DELITOS CONTRA LA SALUD
13/10/2023,08:35:00,4,0,0,0,0,1,0.022,0,DELITOS CONTRA LA SALUD
13/10/2023,15:35:00,4,0,0,0,0,1,0.016,0,DELITOS CONTRA LA SALUD
14/10/2023,09:18:00,PAQUETERIA,0,0,0,0,0,1.05,0,DELITOS CONTRA LA SALUD
15/10/2023,14:00:00,3,0,0,0,1,0,0,0,ALTERAR EL ORDEN PUBLICO
15/10/2023,15:38:00,4,0,0,0,0,0,0.026,0,DELITOS CONTRA LA SALUD
16/10/2023,08:30:00,3,0,0,0,1,0,0,0,AMBULANTAJE
16/10/2023,12:25:00,3,0,0,0,0,1,0.2919,0,DELITOS CONTRA LA SALUD
16/10/2023,18:25:00,2,0,0,0,2,0,0,0,ALTERAR EL ORDEN PUBLICO
17/10/2023,11:48:00,PAQUETERIA,0,0,0,0,0,0.137,0,DELITOS CONTRA LA SALUD
18/10/2023,09:50:00,PAQUETERIA,0,0,0,0,0,2.045,0,DELITOS CONTRA LA SALUD
18/10/2023,17:15:00,2,0,0,0,1,0,0,0,ALTERAR EL ORDEN PUBLICO
18/10/2023,18:00:00,4,0,0,0,1,0,0.01,0,ALTERAR EL ORDEN PUBLICO
19/10/2023,10:00:00,4,0,0,0,0,1,0.00908,0,DELITOS CONTRA LA SALUD
20/10/2023,10:52:00,3,0,0,0,0,1,0.01,0,DELITOS CONTRA LA SALUD
20/10/2023,14:30:00,3,0,0,0,0,1,0.08,0,DELITOS CONTRA LA SALUD
21/10/2023,10:30:00,PAQUETERIA,0,0,0,0,0,0.0193,0,DELITOS CONTRA LA SALUD
22/10/2023,15:05:00,3,0,8,1,0,1,0,0,VLAFE
22/10/2023,08:00:00,2,0,0,0,0,0,0,0,HECHO DE TRANSITO
22/10/2023,19:00:00,4,1,56,0,0,0,0,0,VLAFE
25/10/2023,09:50:00,3,0,0,0,0,1,0.01606,0,DELITOS CONTRA LA SALUD
25/10/2023,10:30:00,PAQUETERIA,0,0,0,0,0,0.59206,0,DELITOS CONTRA LA SALUD
27/10/2023,10:55:00,4,0,0,0,0,1,0.04,0,DELITOS CONTRA LA SALUD
27/10/2023,12:55:00,3,0,0,0,1,0,0,0,AMBULANTAJE
28/10/2023,08:35:00,2,0,0,0,0,3,0,0,ALTERAR EL ORDEN PUBLICO
28/10/2023,10:00:00,PAQUETERIA,0,0,0,0,0,0.194,0,DELITOS CONTRA LA SALUD
28/10/2023,20:01:00,2,0,0,0,1,0,0,0,ALTERAR EL ORDEN PUBLICO
28/10/2023,20:01:00,2,0,0,0,1,0,0,0,ALTERAR EL ORDEN PUBLICO
31/10/2023,10:40:00,PAQUETERIA,0,0,0,0,0,1.039,0,DELITOS CONTRA LA SALUD
31/10/2023,15:30:00,3,0,0,0,1,0,0,0,ALTERAR EL ORDEN PUBLICO
01/11/2023,07:50:00,2,0,0,0,1,0,0,0,ALTERAR EL ORDEN PUBLICO
01/11/2023,01/01/1900 17:35,2,0,0,0,1,0,0,0,ALTERAR EL ORDEN PUBLICO
01/11/2023,17:25:00,2,0,0,0,0,1,0,0,ALTERAR EL ORDEN PUBLICO
01/11/2023,17:25:00,2,0,0,0,2,1,0,0,ALTERAR EL ORDEN PUBLICO
01/11/2023,17:40:00,3,0,0,0,0,1,0,0,DELITOS CONTRA LA SALUD
01/11/2023,20:12:00,3,0,0,0,0,1,0,0,DELITOS CONTRA LA SALUD
02/11/2023,09:45:00,4,0,0,0,0,1,0.033,0,DELITOS CONTRA LA SALUD
02/11/2023,09:45:00,4,0,0,0,0,1,0.027,0,DELITOS CONTRA LA SALUD
02/11/2023,14:00:00,ADUANAS,0,0,0,0,0,0,0,DELITOS CONTRA LA SALUD
03/11/2023,16:00:00,2,0,0,0,3,0,0,0,ALTERAR EL ORDEN PUBLICO
03/11/2023,20:40:00,2,0,0,0,1,0,0,0,ALTERAR EL ORDEN PUBLICO
04/11/2023,09:40:00,PAQUETERIA,0,0,0,0,0,0.0259,0,DELITOS CONTRA LA SALUD
04/11/2023,17:45:00,2,0,0,0,1,0,0,0,ALTERAR EL ORDEN PUBLICO
05/11/2023,19:30:00,2,0,0,0,0,0,0,0,OTROS
05/11/2023,11:30:00,3,0,0,0,0,1,0,0,ALTERAR EL ORDEN PUBLICO
07/11/2023,14:55:00,2,0,0,0,0,1,0.034,0,DELITOS CONTRA LA SALUD
07/11/2023,20:00:00,4,0,0,0,0,0,0,0,ALTERAR EL ORDEN PUBLICO
08/11/2023,09:40:00,PAQUETERIA,0,0,0,0,0,0.145,0,DELITOS CONTRA LA SALUD
08/11/2023,12:15:00,4,0,0,0,1,0,0,0,ALTERAR EL ORDEN PUBLICO
08/11/2023,12:05:00,3,0,0,0,0,1,0.02014,0,DELITOS CONTRA LA SALUD
08/11/2023,15:28:00,3,1,8,1,0,1,0,0,VLAFE
09/11/2023,18:30:00,2,0,0,0,2,0,0,0,ALTERAR EL ORDEN PUBLICO
10/11/2023,11:42:00,2,0,0,0,1,0,0,0,AMBULANTAJE
10/11/2023,11:10:00,PAQUETERIA,0,0,0,0,0,0.395,0,DELITOS CONTRA LA SALUD
11/11/2023,13:30:00,4,0,0,0,0,1,0.013,0,DELITOS CONTRA LA SALUD
11/11/2023,13:30:00,4,0,0,0,0,1,0.015,0,DELITOS CONTRA LA SALUD
12/11/2023,18:30:00,3,0,0,0,1,0,0,0,ALTERAR EL ORDEN PUBLICO
13/11/2023,10:30:00,PAQUETERIA,0,0,0,0,0,0.694,0,DELITOS CONTRA LA SALUD
13/11/2023,12:50:00,3,0,0,0,0,1,0.00965,0,DELITOS CONTRA LA SALUD
13/11/2023,13:05:00,3,0,0,0,0,1,0.01959,0,DELITOS CONTRA LA SALUD
13/11/2023,12:30:00,4,0,0,0,0,1,0,0,DIVISAS NO DECLARADAS
14/11/2023,10:15:00,PAQUETERIA,0,0,0,0,0,0.007,0,DELITOS CONTRA LA SALUD
14/11/2023,14:30:00,3,0,17,1,0,1,0,0,VLAFE
15/11/2023,13:00:00,PAQUETERIA,0,0,0,0,0,0.0512,0,DELITOS CONTRA LA SALUD
16/11/2023,09:30:00,PAQUETERIA,0,0,0,0,0,3.171,0,DELITOS CONTRA LA SALUD
16/11/2023,12:45:00,4,0,0,0,0,1,0.015,0,DELITOS CONTRA LA SALUD
17/11/2023,12:15:00,3,0,0,0,0,1,0.025,0,DELITOS CONTRA LA SALUD
17/11/2023,19:40:00,4,0,0,0,0,1,0,0,ALTERAR EL ORDEN PUBLICO
18/11/2023,09:45:00,PAQUETERIA,0,0,0,0,0,0.227,0,DELITOS CONTRA LA SALUD
18/11/2023,15:19:00,4,0,0,0,0,1,0,0,ALTERAR EL ORDEN PUBLICO
19/11/2023,08:30:00,2,0,0,0,1,0,0,0,ALTERAR EL ORDEN PUBLICO
20/11/2023,08:20:00,4,0,0,0,2,0,0,0,ALTERAR EL ORDEN PUBLICO
21/11/2023,10:30:00,PAQUETERIA,0,0,0,0,0,0,0,DELITOS CONTRA LA SALUD
21/11/2023,20:40:00,2,0,0,0,1,0,0,0,OTROS
22/11/2023,21:20:00,2,0,0,0,1,0,0,0,ALTERAR EL ORDEN PUBLICO
22/11/2023,08:55:00,2,0,0,0,1,0,0,0,AMBULANTAJE
22/11/2023,10:00:00,2,0,0,0,1,0,0,0,ALTERAR EL ORDEN PUBLICO
22/11/2023,09:45:00,PAQUETERIA,0,0,0,0,0,0.146,0,DELITOS CONTRA LA SALUD
22/11/2023,10:20:00,PAQUETERIA,0,0,0,0,0,0.692,0,DELITOS CONTRA LA SALUD
23/11/2023,18:40:00,2,0,0,0,0,1,0,0,ALTERAR EL ORDEN PUBLICO
24/11/2023,21:50:00,3,0,0,0,1,0,0,0,ALTERAR EL ORDEN PUBLICO
25/11/2023,10:20:00,PAQUETERIA,0,0,0,0,0,0.007,0,DELITOS CONTRA LA SALUD
26/11/2023,16:35:00,3,0,0,0,0,1,0.011,0,DELITOS CONTRA LA SALUD
26/11/2023,18:40:00,2,0,0,0,1,0,0,0,ALTERAR EL ORDEN PUBLICO
27/11/2023,10:40:00,PAQUETERIA,0,0,0,0,0,0.04686,0,DELITOS CONTRA LA SALUD
28/11/2023,13:45:00,3,0,0,0,1,0,0.05,0,DELITOS CONTRA LA SALUD
29/11/2023,17:00:00,2,0,0,0,0,0,0,0,AMBULANTAJE
30/11/2023,11:50:00,PAQUETERIA,0,0,0,0,0,1.569,0,DELITOS CONTRA LA SALUD
30/11/2023,13:30:00,2,0,0,0,1,0,0,0,DELITOS CONTRA LA SALUD
30/11/2023,15:53:00,4,0,0,0,0,0,0.013,0,DELITOS CONTRA LA SALUD
01/12/2023,12:05:00,3,0,0,0,0,1,0.015,0,DELITOS CONTRA LA SALUD
01/12/2023,09:00:00,ADUANAS,0,0,0,0,0,1.275,0,DELITOS CONTRA LA SALUD
01/02/2023,12:20:00,3,0,0,0,1,0,0,0,ALTERAR EL ORDEN PUBLICO
04/12/2023,16:30:00,PAQUETERIA,0,0,0,0,0,2.07,0,DELITOS CONTRA LA SALUD
05/12/2023,09:30:00,PAQUETERIA,0,0,0,0,0,1.333,0,DELITOS CONTRA LA SALUD
05/12/2023,15:25:00,3,0,0,0,0,1,0.027,0,DELITOS CONTRA LA SALUD
05/12/2023,13:50:00,4,0,0,0,0,0,0.013,0,DELITOS CONTRA LA SALUD
07/12/2023,14:00:00,PAQUETERIA,0,0,0,0,0,2.272,0,DELITOS CONTRA LA SALUD
07/12/2023,15:30:00,3,0,0,0,0,1,0.01,0,DELITOS CONTRA LA SALUD
08/12/2023,09:05:00,2,0,0,0,1,0,0,0,ALTERAR EL ORDEN PUBLICO
08/12/2023,13:05:00,4,0,0,0,0,1,0.08,0,DELITOS CONTRA LA SALUD
01/12/2023,07/08/1902 00:00,PAQUETERIA,0,0,0,0,0,0.0969,0,DELITOS CONTRA LA SALUD
10/12/2023,12:15:00,3,0,0,0,0,1,0.048,0,DELITOS CONTRA LA SALUD
10/12/2023,13:20:00,3,1,9,1,0,1,0,0,VLAFE
11/12/2023,12:25:00,PAQUETERIA,0,0,0,0,0,0.03345,0,DELITOS CONTRA LA SALUD
11/12/2023,20:15:00,2,0,0,0,1,0,0,0,ALTERAR EL ORDEN PUBLICO
12/12/2023,06:30:00,2,0,0,0,0,1,0.014,0,DELITOS CONTRA LA SALUD
12/12/2023,11:15:00,PAQUETERIA,0,0,0,0,0,0.08,0,DELITOS CONTRA LA SALUD
13/12/2023,11:30:00,4,0,0,0,0,1,0.018,0,DELITOS CONTRA LA SALUD
13/12/2023,15:35:00,4,0,0,0,0,1,0.029,0,DELITOS CONTRA LA SALUD
13/12/2023,13:40:00,2,0,0,0,0,0,0.492,0,DELITOS CONTRA LA SALUD
13/12/2023,17:35:00,3,0,0,0,0,1,0.026,0,DELITOS CONTRA LA SALUD
14/12/2023,14:30:00,3,0,0,0,2,0,0,0,ALTERAR EL ORDEN PUBLICO
15/12/2023,10:45:00,4,1,15,1,0,1,0,0,VLAFE
15/12/2023,10:45:00,3,0,0,0,0,1,0.011,0,DELITOS CONTRA LA SALUD
15/12/2023,21:40:00,2,0,0,0,1,0,0,0,ALTERAR EL ORDEN PUBLICO
17/12/2023,12:40:00,2,0,0,0,1,0,0,0,ALTERAR EL ORDEN PUBLICO
17/12/2023,15:00:00,4,0,0,0,0,1,0.09,0,DELITOS CONTRA LA SALUD
18/12/2023,14:40:00,3,0,0,0,0,1,0.02798,0,DELITOS CONTRA LA SALUD
18/12/2023,11:00:00,PAQUETERIA,0,0,0,0,0,0.859,0,DELITOS CONTRA LA SALUD
19/12/2023,13:15:00,PAQUETERIA,0,0,0,0,0,0.16,0,DELITOS CONTRA LA SALUD
20/12/2023,09:00:00,PAQUETERIA,0,0,0,0,0,0.549,0,DELITOS CONTRA LA SALUD
21/12/2023,08:00:00,PAQUETERIA,0,0,0,0,0,1.374,0,DELITOS CONTRA LA SALUD
21/12/2023,19:50:00,4,0,0,0,0,2,0,0,ALTERAR EL ORDEN PUBLICO
23/12/2023,09:00:00,PAQUETERIA,0,0,0,0,0,0.117,0,DELITOS CONTRA LA SALUD
25/12/2023,15:25:00,3,0,0,0,1,0,0,0,ALTERAR EL ORDEN PUBLICO
25/12/2023,18:30:00,3,0,0,0,1,0,0,0,DELITOS CONTRA LA SALUD
28/12/2023,16:00:00,4,0,0,0,0,1,0,0,DELITOS CONTRA LA SALUD
28/12/2023,17:10:00,2,0,0,0,1,0,0,0,DELITOS CONTRA LA SALUD
29/12/2023,15:20:00,3,0,0,0,0,1,0.01875,0,DELITOS CONTRA LA SALUD
29/12/2023,15:45:00,3,0,0,0,0,1,0.03533,0,DELITOS CONTRA LA SALUD
29/12/2023,18:25:00,3,0,0,0,0,1,0.04614,0,DELITOS CONTRA LA SALUD
30/12/2023,08:30:00,4,0,0,0,1,0,0,0,ALTERAR EL ORDEN PUBLICO
